Number;Name;Address;Latitude;Longitude
1;00001 - POIDS DE L'HUILE;12 RUE DU POIDS DE L'HUILE;43.604134687021045;1.445420780739279
2;00002 - LAFAYETTE;21 RUE LAFAYETTE;43.60485265221502;1.445285876671779
3;00003 - POMME;62 RUE DE LA POMME;43.60333593826575;1.445569311598848
4;00004 - STE URSULE;15 RUE SAINTE URSULE;43.60233609279122;1.442047437838665
5;00005 - LEDUC;5 RUE LEDUC;43.61184;1.45752
6;00006 - LOIS;5 RUE DES LOIS;43.605203861405954;1.442101445768934
7;00007 - PLACE VICTOR HUGO;6 RUE DU REMPART VILLENEUVE;43.605852162177925;1.446593812218414
8;00008 - ESPACE SAINT GEORGES;19 RUE PAUL VIDAL;43.60307769477977;1.448047137954633
10;00010 - PLACE ESQUIROL;15 PL ETIENNE ESQUIROL;43.6003776908545;1.44544233356215
11;00011 - PLACE DE LA DAURADE;2 PL DE LA DAURADE;43.60215;1.44026
12;00012 - PARGAMINIERES;66 RUE PARGAMINIERES;43.60459;1.44002
13;00013 - LOIS ESQUILE;1 RUE DE L ESQUILE;43.60621318190248;1.441331077590377
14;00014 - PERIGORD;26 RUE DE PERIGORD;43.60735205357881;1.444269620551324
15;00015 - PONT MONTAUDRAN;face au 20 port st sauveur;43.59642;1.4565
16;00016 - STRASBOURG BAYARD;32 BD DE STRASBOURG;43.60793763027584;1.446610770547085
17;00017 - STRASBOURG SARDANE;7 BD DE STRASBOURG;43.60610692889793;1.448061825303155
18;00018 - STRASBOURG JEAN JAURES;4 BD DE STRASBOURG;43.60629718770727;1.448244408330328
19;00019 - CARNOT PERI;62 BD LAZARE CARNOT;43.60557592007205;1.449072022617868
20;00020 - CARNOT TROIS JOURNEES;69 BD LAZARE CARNOT;43.604717604204446;1.449629619920856
21;00021 - CARNOT LABEDA;63 BD LAZARE CARNOT;43.60411143798555;1.450245130369442
22;00022 - CARNOT ROLAND;24 BD LAZARE CARNOT;43.60221990815785;1.45195665819857
23;00023 - COMBATTANTS;6 BD LAZARE CARNOT;43.60128593726337;1.452057713684133
24;00024 - PLACE SAINT ETIENNE;14 PL SAINT ETIENNE;43.600398667412286;1.450179100392055
25;00025 - PLACE ROUAIX;1 RUE DES TOURNEURS;43.599435045967155;1.445580732388259
26;00026 - DALBADE - DE GORSSE;9 RUE HENRY DE GORSSE;43.59804753924319;1.443005133993703
27;00027 - QUAI DE TOUNIS;QUAI DE TOUNIS;43.59938372814817;1.440461106405702
28;00028 - PLACE SAINT PIERRE;6 place saint pierre;43.6034370674356;1.43608066156889
29;00029 - VALADE;31 RUE VALADE;43.605071904633625;1.437032051956223
30;00030 - PLACE ANATOLE FRANCE;40 PL ANATOLE FRANCE;43.60629527233212;1.438224999266949
31;00031 - SALENQUES;7 RUE DES SALENQUES;43.60749002329994;1.43922052825561
32;00032 - MUSEE ST RAYMOND;8 RUE DES TROIS RENARDS;43.60765033417208;1.441209573825458
33;00033 - BERALDI;11 RUE HENRI BERALDI;43.608568713084686;1.443570238387108
34;00034 - SAINT LAZARE;2 PETITE RUE SAINT LAZARE;43.609650036285025;1.446076879873296
35;00035 - PLACE JEANNE D'ARC;1 RUE RAYMOND IV;43.60964;1.4469
36;00036 - PLACE SCHUMAN;5 PL ROBERT SCHUMAN;43.609623167283914;1.449367822982907
37;00037 - STE LUCIE;53 RUE STE LUCIE;43.593506929037055;1.429880706043356
38;00038 - JAURES BACHELIER;56 ALL JEAN JAURES;43.60754756868432;1.451651418090918
39;00039 - PLACE DAMLOUP;9 PL DE DAMLOUP;43.60583232118379;1.452939708828422
40;00040 - COLOMBETTE;41 RUE DE LA COLOMBETTE;43.604660136134775;1.453588691746783
41;00041 - ST AUBIN CAMICHEL;1 RUE CHARLES CAMICHEL;43.60265364232074;1.454436078796189
42;00042 - DAURIAC ESCANDE;3 BD PR LEOPOLD ESCANDE;43.601588174955744;1.456048100267833
43;00043 - DUPUY;14 PL DOMINIQUE MARTIN DUPUY;43.599990271041186;1.454093824286969
44;00044 - PALAIS NIEL;1 ALL FORAIN FRANCOIS VERDIER;43.59800264157314;1.45174992410964
45;00045 - OZENNE;10 RUE THEODORE OZENNE;43.596327873693475;1.447014394243565
46;00046 - PLACE DES CARMES;1 PL DES CARMES;43.597401475499026;1.445315649331453
47;00047 - NAZARETH LANGUEDOC;12 RUE DU LANGUEDOC;43.59546175758775;1.445531445171338
48;00048 - PLACE DU SALIN;18 PL DU SALIN;43.59474911973265;1.444132711268797
49;00049 - COUTELIER - METZ;52 RUE DES COUTELIERS;43.599589544431005;1.441434965295236
50;00050 - GARONNETTE;1 AV MAURICE HAURIOU;43.594569737633854;1.440920059367141
51;00051 - DUPORTAL BRIENNE;1 BD ARMAND DUPORTAL;43.605035688745794;1.434843235786321
52;00052 - DUPORTAL CITE ADMIN.;41 BD ARMAND DUPORTAL;43.60864745421513;1.434650096062823
53;00053 - PLACE SAINT JULIEN;PL SAINT JULIEN;43.60863633636605;1.437631489341106
54;00054 - CHAINE;10 RUE DE LA CHAINE;43.60842033750804;1.439762556768512
55;00055 - ST SERNIN G. ARNOULT;2 RUE GATIEN ARNOULT;43.608951960496405;1.441003598726198
56;00056 - SAINT SERNIN  MERLY;1 RUE MERLY;43.609029818757634;1.442808436675486
57;00057 - MERLY ARCOLE;15 RUE MERLY;43.610488427425665;1.4431072280246
58;00058 - CONCORDE ARCOLE;4 RUE DE LA CONCORDE;43.6106186453129;1.443637125697445
59;00059 - CONCORDE;61 RUE DE LA CONCORDE;43.613590372531775;1.446485498451865
60;00060 - ROQUELAINE;32 PL ROQUELAINE;43.61263652233987;1.448541598385468
63;00063 - PISCINE LEO LAGRANGE;54 RUE DES SEPT TROUBADOURS;43.607433487401345;1.454189017923435
64;00064 - PERI MERCADIER;0030 RUE GABRIEL PERI;43.60617263070887;1.454987798766018
65;00065 - VERDIER - GRAND ROND;2 ALL FORAIN FRANCOIS VERDIER;43.597074846780274;1.452605307400692
66;00066 - JARDIN ROYAL;HUIT MAI 1945;43.596478222107635;1.451093339873272
67;00067 - MUSEUM;35 ALL JULES GUESDE;43.59468;1.44938
68;00068 - METRO - PALAIS DE JUSTICE;1 BIS ALLEE JULES GUESDE;43.59265;1.44455
69;00069 - FEUGA;11 ALL PAUL FEUGA;43.59253;1.4429
70;00070 - FER A CHEVAL;5 PLACE DU FER A CHEVAL;43.59253;1.43421
71;00071 - COURS DILLON;3 RUE LAGANNE;43.59318934283672;1.434894328349442
72;00072 - FITTE CUGNAUX;23 ALL CHARLES DE FITTE;43.59504949175626;1.432688307877285
73;00073 - FITTE TEINTURIERS;40 ALL CHARLES DE FITTE;43.59628476386365;1.432075106068745
74;00074 - LAGANNE TEINTURIERS;37 RUE LAGANNE;43.596660562935625;1.436175197009508
75;00075 - CHATEAU D EAU;12 PL LAGANNE;43.598542607102175;1.436590757220506
76;00076 - REPUBLIQUE PL. OLIVIER;34 RUE DE LA REPUBLIQUE;43.59849490883457;1.435181557097925
77;00077 - PLACE INT SAINT CYPRIEN;2 PL INTERIEURE ST CYPRIEN;43.597835830061406;1.431605284631358
78;00078 - PLACE INT ST CYP. DARRE;14 PL INTERIEURE ST CYPRIEN;43.59812186858788;1.431415230750123
79;00079 - PLACE LANGE;1 PL LANGE;43.60112880561738;1.434138106708093
80;00080 - FITTE VARSI;89B ALL CHARLES DE FITTE;43.59970386767416;1.429275168509917
81;00081 - JARDIN RAYMOND VI;ALL CHARLES DE FITTE;43.59989498759688;1.429556601823956
82;00082 - SEJOURNE CATALANS;1 AV PAUL SEJOURNE;43.605562378447424;1.427969819484834
83;00083 - SEJOURNE AMIDONNIERS;2 AV PAUL SEJOURNE;43.6055917312578;1.428253851896989
84;00084 - BRIENNE MANUFACTURE;19T ALL DE BRIENNE;43.60524239596951;1.432687682718845
85;00085 - MARECHAL LECLERC;2 BD DU MARECHAL LECLERC;43.606708008560005;1.430598716260075
86;00086 - HERACLES - BEARNAIS;23 RUE DU BEARNAIS;43.60802027853654;1.428450231443648
87;00087 - LASCROSSES LECLERC;47 BD LASCROSSES;43.609500004240715;1.432335729928681
88;00088 - DUPORTAL LASCROSSES;17T BD LASCROSSES;43.610250914040755;1.435070094381549
89;00089 - ESP COMPANS CAFFARELLI;1 ESP COMPANS CAFFARELLI;43.611036915218165;1.436628759028233
90;00090 - LASCROSSES- A. BERNARD;3B BD LASCROSSES;43.61146971436288;1.437871385550754
91;00091 - ARCOLE BALANCE;48 BD D ARCOLE;43.611584087589904;1.439737579879722
92;00092 - CHALETS;31 RUE DES CHALETS;43.61325027179293;1.441220679302088
93;00093 - PRINTEMPS;57 RUE DU PRINTEMPS;43.614465544425535;1.44361404386217
94;00094 - SEMARD GARE ROUTIERE;73 BD PIERRE SEMARD;43.613829128033615;1.451479779266325
95;00095 - THEATRE GARONNE;4 AVENUE DU CHÂTEAU D'EAU;43.602528105503815;1.425222752953333
96;00096 - MEDIATHEQUE;50 RUE DU GENERAL COMPANS;43.60974282737991;1.455204795385279
97;00097 - RAYMOND IV;RUE RAYMOND IV;43.61243588156053;1.451476646620887
98;00098 - PONT DES DEMOISELLES;80 ALL DES DEMOISELLES;43.587677990128874;1.459836309553229
99;00099 - REMPART ST ETIENNE;7 RUE DU REMPART ST ETIENNE;43.60082502483391;1.450654849861206
100;00100 - PORT ST SAUVEUR;16 ALL PAUL SABATIER;43.59697406705044;1.455674042776099
101;00101 - CAPT PORT ST SAUVEUR;5 PORT SAINT SAUVEUR;43.59426485044087;1.456321836591291
102;00102 -  MISTRAL - FLEURANCE;18 ALLEE FREDERIC MISTRAL;43.593599912488976;1.453042492588597
103;00103 - ST MICHEL ST CATHERINE;139 GRANDE RUE ST MICHEL;43.590605082277605;1.445174430937582
104;00104 - MURET BARTHERE;219 AV DE MURET;43.58903;1.43104
105;00105 - BILLIERE -CHAMPETRE;12  AV  ETIENNE  BILLIERES;43.59764204883991;1.428862699237109
106;00106 - BRIENNE PASSERELLE;99 ALL DE BRIENNE;43.60842211156853;1.42386687477895
107;00107 - SEBASTOPOL;1 RUE DE SEBASTOPOL;43.609753361824794;1.430389555237135
108;00108 - SEBASTOPOL - RITAY;2 BD SEBASTOPOL;43.612283701347906;1.428790629053277
109;00109 - METRO CANAL DU MIDI;1 BD DE LA MARQUETTE;43.615173611788045;1.434707777421923
110;00110 - CABANEL - SERRES;16 RUE ALEXANDRE CABANEL;43.61375517689823;1.438157046235524
111;00111 - MINIMES PASSERELLE;38B BD DES MINIMES;43.615259799224134;1.442921175845342
112;00112 - PLACE RUSSEL - BRANLY;47 ALLEE BRANLY;43.585266840172814;1.452936514925397
113;00113 - MUSEUM LAMARCK;FACE 58 RUE DUMERIL;43.592355124495455;1.449215732146181
114;00114 - BD MONTPLAISIR - CANAL;8 BD MONPLAISIR;43.59239101222708;1.458007861390548
115;00115 - DEMOISELLES MISTRAL;8 ALL DES DEMOISELLES;43.590622011025665;1.453805825078145
116;00116 - ST MICHEL NOTRE DAME;50 GRANDE RUE ST MICHEL;43.588359791103294;1.446483165667178
117;00117 - BILLIERES -POSTE;39 AVENUE ETIENNE BILLIERES;43.596852956620715;1.425882273289917
118;00118 - PLACE DU BUSCA;2 PLACE DU BUSCA;43.58817925392077;1.450764528471522
119;00119 - CHAPOU;129 ALL DE BRIENNE;43.609967343094006;1.419524853208122
120;00120 - PONTS JUMEAUX;152 ALL DE BARCELONE;43.61035351524297;1.420545407442975
121;00121 - SERRES - A. BERNARD;33 AV HONRE SERRES;43.612327522628846;1.438340345212284
122;00122 - PASSERELLE HAEDENS;57 BD DE L EMBOUCHURE;43.613472358330974;1.430120187266013
123;00123 - CHAUSSAS EMBOUCHURE;1 RUE DE CHAUSSAS;43.61492465117555;1.43288072066524
124;00124 - EGLISE DES MINIMES;27 AV DES MINIMES;43.61814891164924;1.436875386155235
125;00125 - BARRIÈRE DE PARIS;BARRIÈRE DE PARIS;43.6269176821576;1.434225150757254
126;00126 - ECOLE BONNEFOY;18 RUE BONNEFOY;43.61689063107848;1.454339701099757
127;00127 - BEGUE - DEMOISELLES;1 RUE BEGUE;43.589803552331645;1.455945448109943
128;00128 - PRISON ST MICHEL;18 B GRANDE RUE ST MICHEL;43.58589564207925;1.447411881616044
129;00129 - CROIX DE PIERRE;2 BD DEODAT DE SEVERAC;43.58588;1.4278
130;00130 - BILLIERES - PATTE D OIE;66 TER AV ETIENNE BILLIERES;43.59679331319425;1.424139385785053
131;00131 - BERNIES;15 RUE PAUL BERNIES;43.61174111564092;1.414597471267562
132;00132 - MINIMES BILARD;101 AVENUES DES MINIMES;43.62293779541603;1.434473692188769
133;00133 - MARCHE AUX COCHONS;71 AV DES MINIMES;43.620735968782895;1.435597311467436
134;00134 - EGLISE BONNEFOY;8 ALLEE DE L EGLISE BONNEFOY;43.61894094381528;1.456658754907086
135;00135 - BONNEFOY   LEMAITRE;183 RUE DU FB  BONNEFOY;43.62295;1.45872
136;00136 - FONTAINES;RUE DES FONTAINES;43.602050919601446;1.414531359571464
137;00137 - BRUNHES-FONTAINES;47 BD JEAN BRUNHES;43.60094924792523;1.420275802412521
138;00138 - BARRIERE DE BAYONNE;3 BD JEAN BRUNHES;43.598196214598815;1.41997369298729
139;00139 - BARRIERE DE LOMBEZ;39 BIS AV DE LOMBEZ;43.5955673906372;1.418420510391943
140;00140 - EMILE MALE;PLACE EMILE MALE;43.59175;1.41868
141;00141 - FONTAINE LESTANG;237 RUE HENRI DESBALS;43.587583195522946;1.418128481713567
143;00143 - DESBALS SAINTONGE;145 RUE HENRI DESBALS;43.5813322052426;1.413431676051568
144;00144 - SUISSE - LAUSANE;62 BD DE SUISSE;43.61606217398145;1.421715694303944
145;00145 - GOUNOD - GARROS;29 RUE ROLAND GARROS;43.61395913175851;1.424941224096277
146;00146 - SANG DE SERP - DAGNAUX;57 CHEMIN DU SANG DE SERP - 31200 TOULOUSE;43.6154182104443;1.4284933309335
147;00147 - CHAUSSAS - DAUDET;96 RUE DE CHAUSSAS;43.61990748467363;1.428966282419491
148;00148 - COLLIGNON;5 AV DE COLLIGNON;43.61692696530316;1.444528167445985
149;00149 - RAISIN MINIMES;CH DU RAISIN;43.615368584913504;1.448486709552681
150;00150 - CURIE CAMPISTRON;78 BD PIERRE ET MARIE CURIE;43.62593095954932;1.439870900566373
151;00151 - CURIE - NEGRENEYS;27 BD PIERRE ET MARIE CURIE;43.62459108857192;1.443059611732516
152;00152 - MAZADES;10 AV DES MAZADES;43.624183134252704;1.438302180907754
153;00153 - BOURGES MAUNOURY;12 AV BOURGES MAUNOURY;43.628469420497346;1.447936286895422
154;00154 - GALLOIS;RUE DES GALLOIS;43.58995890864312;1.4420311550308
155;00155 - RECOLLETS;34 BD DES RECOLLETS;43.58386908499996;1.443635078857447
156;00156 - METRO EMPALOT;38 AV JEAN MOULIN FACE DEBOUCHE RUE DE CANNES;43.579737115748195;1.441783289134449
157;00157 - U.R.S.S  PEYROUSET;16 AV DE L'U.R.S.S;43.582831686768735;1.448634234326797
158;00158 - URSS ST THOMAS D AQUIN;57 AV DE L URSS;43.580795461338795;1.449135738584587
159;00159 - U.R.S.S DEVIC;96 AV JULES JULIEN;43.5785038852904;1.450284083376377
160;00160 - THEATRE JULES JULIEN;21 AV DES ECOLES JULES JULIEN;43.573924940202886;1.451999386383253
161;00161 - RANGUEIL - BEDOUCE;35 AV DE RANGUEIL;43.57644751100008;1.454915112024358
162;00162 - PLACE D'ITALIE;AV D' ITALIE;43.580276538637605;1.45491780578712
163;00163 - BEDOUCE / MIDI;115 AV ALBERT BEDOUCE;43.581459211587536;1.462194464667426
164;00164 - BEDOUCE SAOUZELONG;AV ALBERT BEDOUCE;43.579725432743686;1.460094426022393
165;00165 - PLACE DES AVIONS;33 AVENUE DES AVIONS;43.57686792022356;1.460187742067113
166;00166 - RANGUEIL GUYOU;23 RUE GUYOU;43.574366149048714;1.462031097914686
167;00167 - LAPUJADE-FLANDRES;RUE LAPUJADE ANGLE RUE DES FLANDRES;43.62409340165932;1.454698517821249
168;00168 - BILA   /  ROUTE D ALBI;RUE CREMON;43.626509813353074;1.458930207887618
169;00169 - ALBI  / JAFFARY;65 RTE D'ALBI;43.63124672931264;1.462248097516892
170;00170 - ROUTE D ALBI   / CUVIER;FACE 163 CHEMIN NICOLE;43.635666512128225;1.464148138450798
171;00171 - ROUTE D ALBI / CACTUS;191 RTE D'ALBI;43.640897350426606;1.466308391813157
172;00172 - NETWILLER / LAFORGUE;RUE HENRI EBELOT;43.642833569777416;1.461191671613412
173;00173 - MAUNOURY / SEGELA;25 AV MAURICE BOURGES MAUNOURY;43.6331828272491;1.450535969934731
174;00174 - MAUNOURY / MELA;41 AV MAURICE BOURGES MAUNOURY;43.63692179179762;1.452693250180783
175;00175 - METRO MAUNOURY;Avenue Maurice BOURGES MAUNOURY;43.6394555737186;1.45256734914219
176;00176 - GENERAL COMPANS;1 RUE DU GENERAL COMPANS;43.606790468455905;1.458008846441328
177;00177 - BAILLAUD BRUNAUD;64 RUE BAILLAUD;43.61743867816197;1.46539185105244
178;00178 - BRUNAUD / PLANA;AVENUE YVES BRUNAUD;43.619281402937425;1.468753766918999
179;00179 - CASSAING PLANA;5 CH CASSAING;43.61680265241856;1.473505161008297
180;00180 - PLACE SOUPETARD;3 Place SOUPETARD;43.6122515815792;1.47765639323401
181;00181 - PLANA GARNIER;27 Avenue Louis PLANA;43.610549420565;1.4795004816774
182;00182 - CHAUBET;AV JEAN CHAUBET;43.60593083247726;1.481957162051808
183;00183 - RUE DE CUGNAUX;RUE DE CUGNAUX;43.5931301810241;1.42463077628583
184;00184 - MICHOUN;70 CHEMIN MICHOUN;43.62727712277727;1.469362217455508
185;00185 - ROUBICHOU ARLES;30 RUE ROUBICHOU;43.62704846650827;1.465517338373819
186;00186 - DESBALS BOUALAM;1 IMPASSE BACHAGA BOUALAM;43.5792182218804;1.41112908179427
187;00187 - DESBALS MONTDORE;187 RUE HENRI DESBALS;43.584523123495174;1.415543960373121
188;00188 - MURET/LAFAGE;121 AVENUE DE MURET;43.584282965328995;1.427517107421507
189;00189 - MURET BOUTINON;44 AVENUE DE MURET;43.581352282638655;1.425325828280708
190;00190 - ESPAGNE LES OUSTALOUS;39 RTE D'Espagne;43.57827536338912;1.423916022506519
191;00191 - RUE DU 14 JUILLET;395 ROUTE DE SAINT SIMON;43.58998499389323;1.415183785619737
192;00192 - RTE DE ST SIMON/PRADO;355 route de saint-Simon;43.587659413053814;1.409162125552512
193;00193 - LOMBEZ / PETITE VITESSE;59 AV DE LOMBEZ;43.594849382545554;1.415377349047291
194;00194 - LOMBEZ / HIPPODROME;138 AV DE LOMBEZ;43.594206765269206;1.410651114174017
195;00195 - LARROUSSE -RIEUX;FACE 15 RUE PIERRE LAROUSSE;43.59723540303583;1.45907112459247
196;00196 - GOUJON - GUILHEMERY;6 RUE JEAN GOUJON;43.6017932127447;1.458048662941769
197;00197 - CASERNE PERIGNON;6 AV LOUIS BLERIOT;43.60038605818475;1.464093716152017
198;00198 - LAFILAIRE - DELTOUR;FACE 25 CHEMIN LAFILAIRE;43.59622771557735;1.473457600659471
199;00199 - DELTOUR - RIEUX;4 BD DELTOUR;43.591528310013615;1.470276283956405
200;00200 - PLACE DE L'ORMEAU;FACE 345 AV JEAN RIEUX;43.57906922965151;1.483669775054849
201;00201 - POTEZ -ST EXUPERY;256 AV ANTOINE DE ST EXUPERY;43.57965532664315;1.48049587613679
202;00202 - ST EX. - COURREGE;165 AV ANTOINE DE ST EXUPERY;43.58166894906154;1.476002176599847
203;00203 - ST EX. - PETIT PRINCE;2 AV ANTOINE DE ST EXUPERY;43.5834192540153;1.470077844843929
204;00204 - PL. ROGER ARNAUD;PL ROGER ARNAUD;43.58677914294868;1.463164045792265
205;00205 - COTTAGE/ RIEUX;58 AV DES COTTAGES;43.58588613821349;1.47508540800772
206;00206 - LEYGUE/ RIEUX;20 AV ARMAND LEYGUE;43.594341505924845;1.464668419108617
207;00207 - CHRIST ROI;FACE 25 RUE DE L AUDE;43.58300698375498;1.481508972569192
208;00208 - LIMAYRAC/ DARASSE;ALL DE LIMAYRAC;43.59122002356995;1.480087483756261
209;00209 - BAROUX/ DARASSE;4 AV LUCIEN BAROUX;43.589466982143435;1.478914286004687
210;00210 - TERRASSE/ CENTRE CO.;FACE 42 CHE DE LA TERRASSE;43.586074956653995;1.483021040946601
211;00211 - LE DORMEUR/ LA TERRASSE;9 RUE LE DORMEUR;43.58350615923425;1.48781984362323
212;00212 - CHAUMIERE/ CRETES;RUE DE LA CHAUMIERE;43.615227374108336;1.465376125032407
213;00213 - PUJOL/ CHAUBET;129 AV DE CASTRES;43.60075517705335;1.467514131065815
214;00214 - CASTRES/ ACHIARY;48 AV DE CASTRES;43.600795440313355;1.473660631896838
215;00215 - METRO ARGOULETS;FACE 8 RUE DE GAILLAC;43.623814424096544;1.475849028782433
216;00216 - ARGOULETS HOUDON;3 RUE JEAN HOUDON;43.622829380921075;1.474057401308612
217;00217 - AMOUROUX/ ST TROPEZ;42 CHE AMOUROUX;43.629671600633195;1.466442513411802
218;00218 - AMOUROUX /STE AUGUSTINE;24 BIS CHE AMOUROUX;43.627603587351345;1.461907953641387
219;00219 - PUCCINI/ BLAGNAC;35 RUE PUCCINI;43.614589794633694;1.411359591750251
220;00220 - TABAR /UNIVERSITE;3 RUE DE L'UNIVERSITE;43.574612132702526;1.40230245215212
221;00221 - VAUQUELIN;FACE 85 RUE VAUQUELIN;43.57641895477528;1.406488768851485
222;00222 - CAMBOU / ROCHE;AVENUE DU COLONEL ROCHE;43.5628140764194;1.47517386253435
223;00223 - ENAC;AVENUE EDOUARD BELIN ANGLE AV ROCHE;43.565104300575406;1.478340741030179
224;00224 - CAMPUS SUPAERO;AVENUE EDOUARD BELIN FACE CHÂTEAU DU CREPS;43.566595761363736;1.474881961695726
225;00225 - BELIN ONERA;AVENUE EDOUARD BELIN DEVANT ONERA;43.56947707206279;1.473268554354084
226;00226 - FONTAINES /CASSELARDIT;292 RUE DES FONTAINES;43.60419040838992;1.407211289929025
227;00227 - METRO UPS;118  RTE DE NARBONNE;43.56160969546884;1.462869145576551
228;00228 - METRO PHARMACIE;FACE 35 CHEMIN DES MARAICHERS;43.567716505871594;1.464456852027628
229;00229 - IUT RANGUEIL;129 AV DE RANGUEIL;43.571433064051334;1.46278065695466
230;00230 - RANGUEIL TRIPODE B;141 AV DE RANGUEIL;43.567221153708445;1.467678323560475
231;00231 - NARBONNE MARFAING;RANGUEIL / CL ROCHE;43.557243695153005;1.465370657992508
232;00232 - NARBONNE/ MIROUSE;64 RTE DE NARBONNE;43.569437251134566;1.456086445970436
233;00233 - NARBONNE /SAHUQUE;105 RTE DE NARBONNE;43.56641276350635;1.458852500499583
234;00234 - LOIN / RAYNAL;RUE LOIN 100M AVT RAYNAL;43.628236592839514;1.451330504561275
235;00235 - PAUL VERLAINE;FACE AU 8 RUE PAUL VERLAINE;43.6333722270955;1.43538536091475
236;00236 - TOEC / LEMIRE;RUE DE L'ABBE JULES LEMIRE;43.59729443895585;1.403872948950036
237;00237 - CNRS;AVENUE EDOUARD BELIN FACE CNRS;43.56361464501064;1.479772209704475
238;00238 - HERBETTES / BUTTE;AVENUE DES HERBETTES;43.579425835630786;1.473118127213999
239;00239 - LESPINET / HERBETTES;FACE AU 127 AVENUE DE LESPINET;43.577166917623245;1.469393836823441
240;00240 - RTE DE BLAGNAC / JOB;FACE 103 BIS ROUTE DE BLAGNAC;43.6172496485261;1.408124460028565
241;00241 - ESPAGNE CHARPENTIER;57 Route D'Espagne;43.574576545136445;1.424432564672875
242;00242 -  RAIMBAUD / COLETTE;RUE RAIMBAUD ANGLE RUE COLETTE;43.633866178151905;1.437493796200118
243;00243 - ETATS-UNIS / FERRY;96 av des Etats-Unis angle rue Jules Ferry;43.632641237523;1.43180804154469
244;00244 - RENAN / VITRY;93 RUE ERNEST RENAN ANGLE RUE VITRY;43.635706776069696;1.443751822397876
245;00245 - GRANDE BRETAGNE / BADIOU;103 BIS AVENUE DE GRANDE BRETAGNE ANGLE RUE BADIOU;43.59990824072129;1.41518438915584
246;00246 - WAGNER / JEAN BRUNHES;29 BOULEVARD RICHARD WAGNER ANG BD JEAN BRUNHES;43.60390532418828;1.420141760360439
247;00247 - LAUNAGUET / AUDIBERT;ROUTE DE LAUNAGUET ANGLE CHEMIN AUDIBERT;43.63677495879212;1.439230135508607
248;00248 - BOUQUETINS/E. ROSTAND;RUE DES BOUQUETINS ANGLE RUE EDMOND ROSTAND;43.64108958806659;1.449039275575635
249;00249 - CROIX DAURADE;147 RTE D'ALBI;43.63812899582609;1.46521198710394
250;00250 - 11 NOVEMBRE;RUE DU 11 NOVEMBRE;43.593097534292575;1.414428635946386
251;00251 - BLUM / JOUHAUX;26 AVENUE LEON BLUM ANGLE RUE LEON JOUHAUX;43.614208387732;1.4616307898919
252;00252 - NEGRENEYS /CASENEUVE;161/163 AV DE NEGRENEYS SUR ILOT CENTRAL;43.62687;1.44404
253;00253 - ETATS-UNIS / ROBERT;AV DES Etats-Unis FACE AU 68 / 70;43.6319121122554;1.43168347755474
254;00254 - LOT - VESTREPAIN;RUE DU LOT - 100M AVANT LA RUE VESTREPAIN 31400 TOULOUSE;43.5837;1.40644
255;00255 - HENRI SELLIER;2 RUE DES MOUETTES ANGLE ALLEES SELLIER 31000 TOULOUSE;43.57705;1.44009
256;00256 - PLACE DE LA RONTONDE;FACE 175 ROUTE DE CASTRES ANGLE RUE CARCASSONNE;43.59666;1.4842
257;00257 - CHATEAU DE L'HERS;CHEMIN DU CHATEAU DE L'HERS ANGLE CHEMIN FONTANELLES 31000 TOULOUSE;43.60086;1.48346
258;00258 - CAMBARD;Boulevard Atlanta / Cambard;43.62957;1.47643
259;00259 - PLACE RICHE;Place Riche / Lalande - 31000 TOULOUSE;43.64751;1.43298
260;00260 - DUCLOS - FRONTON;Avenue duclos angle Avenue de Fronton;43.64495;1.43379
261;00261 - VAN DYCK - LAUNAGUET;Devant le N°6 rue Van Dyck avant angle rue Raphael - 31000 TOULOUSE;43.64066;1.4401
262;00262 - ROND POINT CHEMIN DE BORDEROUGE;Devant N°26 Chemin de Borderouge;43.64265;1.45632
263;00263 - LYCEE POLYVALENT;87 AVENUE JEAN BAYLET ANGLE CHEMIN CEPIERES;43.58444;1.39867
264;00264 - LAFOURGUETTE;Place des Glières;43.56507;1.41028
265;00265 - PASSAGE BORDELONGUE;Face N°251 route de Seysses;43.56793;1.41325
266;00266 - TOURAINE;38 RUE DE LA TOURAINE ANGLE RUE D AUVERGNE 31000 TOULOUSE;43.57375;1.41398
267;00267 - GONIN;RUE GONIN ANGLE GENIN 31000 TOULOUSE;43.57452;1.48278
268;00268 - PLACE BAYLAC;avenue des Arènes Romaines;43.60868;1.3972
269;00269 - PLACE SAUVEGRAIN;Place Sauvegrain - angle avenue de Lardenne;43.58996;1.37764
270;00270 - SILVIO TRENTIN;Rue Jules Verne angle Boulevard Silvio Trentin - 31000 TOULOUSE;43.62413;1.42778
271;00271 - ANCELY;151 AVENUE DE CASSELARDIT SORTIE VILLE 31000 TOULOUSE;43.61948;1.39711
272;00272 - ANDRE VASSEUR;Boulevard Atlanta / après angle rue vasseur - 31000 TOULOUSE;43.63539;1.47297
273;00273 - PASSERIEU - ST SIMON;ROND POINT DES IZARD ANGLEPASSERIEU ET ROUTE ST SIMON;43.5792;1.39262
274;00274 - GALLIENI;296 route de Seysses;43.574;1.41954
275;00275 - PLACE DES PRADETTES;Place des Pradettes / rue Arthur Huc;43.58171;1.38887
276;00276 - MARIN REBOUL;chemin du Marin angle chemin du Reboul;43.58132;1.37975
277;00277 - ZAMENHOF;10/12 rue zamenhof - 31000 TOuLOUSE;43.58549;1.37708
278;00278 - ARENES ROMAINE;AVENUE DES ARENES ROMAINES / GUY ESPAGNO DANS ROND POINT 31000 TOULOUSE;43.6142;1.39709
279;00279 - GUY ESPAGNO;229 AVENUE DE CASSELARDIT CROISEMENT ESPAGNO / CASSELARDIT 31000 TOULOUSE;43.61354;1.40142
280;280 - CHARBONNIERE;RUE DE LA CHARBONNIERE ANGLE RUE DES PALMIERS 31000 TOULOUSE;43.57383;1.44871
281;281 - NIEL;RUE ST ROCH FACE RUE ELVIRE 31000 TOULOUSE;43.57886;1.44649
282;282 - RICHARD WAGNER;BD RICHARD WAGNER / ANGLE A.VIVALDI 31000 TOULOUSE;43.60614;1.41476
283;283 - PLACE MICOULEAU;Place Micouleau;43.63805;1.44442
